{"cameraMode":{"drawMode":0,"name":"Shaded","section":"Shading Mode"},"sceneLighting":false,"audioPlay":false,"sceneViewState":{"showFog":true,"showMaterialUpdate":false,"showSkybox":true,"showFlares":true,"showImageEffects":true,"showParticleSystems":true},"in2DMode":false,"pivot":{"x":-9.399999618530274,"y":-1.5999999046325684,"z":-39.65625},"rotation":{"x":-0.09926727414131165,"y":0.7745057940483093,"z":-0.1256326287984848,"w":-0.6119670271873474},"size":19.176925659179689,"orthographic":false}